{
	"info": {
		"_postman_id": "9ea9ef2b-737b-44da-ab9d-8b44661d2eec",
		"name": "Servicenow Chaining",
		"schema": "https://schema.getpostman.com/json/collection/v2.1.0/collection.json",
		"_exporter_id": "17709036"
	},
	"item": [
		{
			"name": "Create an Incident",
			"event": [
				{
					"listen": "test",
					"script": {
						"exec": [
							"var resp=pm.response.json();\r",
							"// Extract sys_id\r",
							"var sys_id=resp.result.sys_id\r",
							"console.log(sys_id)\r",
							"//Save as Global variable\r",
							"pm.globals.set(\"globalSys_ID\", sys_id);\r",
							"\r",
							"\r",
							"\r",
							"\r",
							"\r",
							"pm.test(\"Create Incident\", function () {\r",
							"    pm.response.to.have.status(201);\r",
							"});"
						],
						"type": "text/javascript"
					}
				}
			],
			"request": {
				"method": "POST",
				"header": [],
				"body": {
					"mode": "raw",
					"raw": "{\r\n    \"short_description\": \"{{short_description}}\",\r\n    \"description\": \"{{desc}}\"\r\n}",
					"options": {
						"raw": {
							"language": "json"
						}
					}
				},
				"url": {
					"raw": "{{url}}/api/now/table/incident",
					"host": [
						"{{url}}"
					],
					"path": [
						"api",
						"now",
						"table",
						"incident"
					]
				}
			},
			"response": []
		},
		{
			"name": "UpdateIncident",
			"event": [
				{
					"listen": "test",
					"script": {
						"exec": [
							"pm.test(\"Status code is 200\", function () {\r",
							"    pm.response.to.have.status(200);\r",
							"});\r",
							"pm.test(\"Assert Description\", function () {\r",
							"    pm.expect(pm.response.text()).to.include(\"Mobile charging Problem\");\r",
							"});"
						],
						"type": "text/javascript"
					}
				}
			],
			"request": {
				"method": "PUT",
				"header": [],
				"body": {
					"mode": "raw",
					"raw": "{\r\n    \"short_description\": \"Mobile Service\",\r\n    \"description\": \"Mobile charging Problem\"\r\n}",
					"options": {
						"raw": {
							"language": "json"
						}
					}
				},
				"url": {
					"raw": "{{url}}/api/now/table/incident/{{globalSys_ID}}",
					"host": [
						"{{url}}"
					],
					"path": [
						"api",
						"now",
						"table",
						"incident",
						"{{globalSys_ID}}"
					]
				}
			},
			"response": []
		},
		{
			"name": "Delete Incident",
			"event": [
				{
					"listen": "test",
					"script": {
						"exec": [
							"pm.test(\"Status code is 204\", function () {\r",
							"    pm.response.to.have.status(204);\r",
							"});"
						],
						"type": "text/javascript"
					}
				}
			],
			"request": {
				"method": "DELETE",
				"header": [],
				"url": {
					"raw": "{{url}}/api/now/table/incident/{{globalSys_ID}}",
					"host": [
						"{{url}}"
					],
					"path": [
						"api",
						"now",
						"table",
						"incident",
						"{{globalSys_ID}}"
					]
				}
			},
			"response": []
		}
	],
	"auth": {
		"type": "basic",
		"basic": [
			{
				"key": "password",
				"value": "{{Password}}",
				"type": "string"
			},
			{
				"key": "username",
				"value": "{{UserName}}",
				"type": "string"
			}
		]
	},
	"event": [
		{
			"listen": "prerequest",
			"script": {
				"type": "text/javascript",
				"exec": [
					""
				]
			}
		},
		{
			"listen": "test",
			"script": {
				"type": "text/javascript",
				"exec": [
					""
				]
			}
		}
	],
	"variable": [
		{
			"key": "UserName",
			"value": "admin",
			"type": "string"
		},
		{
			"key": "Password",
			"value": "I-Ks*dzGjO63",
			"type": "string"
		}
	]
}