{
	"info": {
		"_postman_id": "ab3fd693-4f76-4036-9762-72a3f8cba468",
		"name": "OAuth",
		"schema": "https://schema.getpostman.com/json/collection/v2.1.0/collection.json",
		"_exporter_id": "17709036"
	},
	"item": [
		{
			"name": "OAuth",
			"event": [
				{
					"listen": "test",
					"script": {
						"exec": [
							"var resp=pm.response.json();\r",
							"var token = resp.access_token;\r",
							"pm.globals.set(\"Access_token\",token);"
						],
						"type": "text/javascript"
					}
				}
			],
			"request": {
				"auth": {
					"type": "bearer",
					"bearer": [
						{
							"key": "token",
							"value": "{{Access_token}}",
							"type": "string"
						}
					]
				},
				"method": "POST",
				"header": [],
				"body": {
					"mode": "urlencoded",
					"urlencoded": [
						{
							"key": "grant_type",
							"value": "password",
							"type": "text"
						},
						{
							"key": "client_id",
							"value": "627eacadbb140210ec94a01b78e25dc2",
							"type": "text"
						},
						{
							"key": "client_secret",
							"value": "ixhgd4Tb#}",
							"type": "text"
						},
						{
							"key": "username",
							"value": "admin",
							"type": "text"
						},
						{
							"key": "password",
							"value": "I-Ks*dzGjO63",
							"type": "text"
						}
					]
				},
				"url": {
					"raw": "https://dev200784.service-now.com/oauth_token.do",
					"protocol": "https",
					"host": [
						"dev200784",
						"service-now",
						"com"
					],
					"path": [
						"oauth_token.do"
					]
				}
			},
			"response": []
		},
		{
			"name": "Create a Incident",
			"event": [
				{
					"listen": "test",
					"script": {
						"exec": [
							"pm.test(\"Validate response code for create\", function () {\r",
							"    pm.response.to.have.status(201);\r",
							"});\r",
							"\r",
							"pm.test(\"Validate response body\", function () {\r",
							"    pm.expect(pm.response.text()).to.include(\"Charging problem\");\r",
							"});\r",
							"\r",
							"//Extract response and Save it in a variable\r",
							"var resp=pm.response.json();\r",
							"\r",
							"//Extract sysid from response x.result.sys_id\r",
							"var sys_id=resp.result.sys_id\r",
							"\r",
							"console.log(sys_id)\r",
							"//pm.globals.set(\"globalvariable\",sys_id);\r",
							"pm.globals.set(\"systemID\",sys_id);\r",
							"\r",
							"pm.test(\"Response time is less than 200ms\", function () {\r",
							"    pm.expect(pm.response.responseTime).to.be.below(5000);\r",
							"});\r",
							"\r",
							"\r",
							"\r",
							"\r",
							"\r",
							"\r",
							"\r",
							"\r",
							"\r",
							"\r",
							""
						],
						"type": "text/javascript"
					}
				}
			],
			"request": {
				"method": "POST",
				"header": [],
				"body": {
					"mode": "raw",
					"raw": "{\r\n    \"short_description\": \"Laptop problem\",\r\n    \"description\": \"Laptop not working --Charging problem\"\r\n}",
					"options": {
						"raw": {
							"language": "json"
						}
					}
				},
				"url": {
					"raw": "https://dev200784.service-now.com/api/now/table/incident",
					"protocol": "https",
					"host": [
						"dev200784",
						"service-now",
						"com"
					],
					"path": [
						"api",
						"now",
						"table",
						"incident"
					],
					"query": [
						{
							"key": "sysparm_fields",
							"value": "short_description,sys_id,number",
							"disabled": true
						},
						{
							"key": "sysparm_limit",
							"value": null,
							"disabled": true
						}
					]
				}
			},
			"response": []
		}
	]
}